document,text,tokens,trailing_whitespace,labels,prompt,prompt_id,name,email,phone,job,address,username,url,hobby,len,fake_column
1073d46f-2241-459b-ab01-851be8d26436,"My name is Aaliyah Popova, and I am a jeweler with 13 years of experience. I remember a very unique and challenging project I had to work on last year. A customer approached me with a precious family heirloom - a diamond necklace that had been passed down through generations. Unfortunately, the necklace was in poor condition, with several loose diamonds and a broken clasp. The customer wanted me to restore it to its former glory, but it was clear that this would be no ordinary repair. Using my specialized tools and techniques, I began the delicate task of dismantling the necklace. Each diamond was carefully removed from its setting, and the damaged clasp was removed. Once the necklace was completely disassembled, I meticulously cleaned each diamond and inspected it for any damage. Fortunately, the diamonds were all in good condition, with no cracks or chips. The next step was to repair the broken clasp. I carefully soldered the broken pieces back together, ensuring that the clasp was sturdy and secure. Once the clasp was repaired, I began the process of reassembling the necklace. Each diamond was carefully placed back into its setting, and the necklace was polished until it sparkled like new. When I presented the restored necklace to the customer, they were overjoyed. They couldn't believe that I had been able to bring their family heirloom back to life. The necklace looked as beautiful as it had when it was first created, and the customer was thrilled to have it back in their possession. If you have a project that you would like to discuss, please feel free to contact me by phone at (95) 94215-7906 or by email at aaliyah.popova4783@aol.edu. I look forward to hearing from you! P.S.: When I'm not creating beautiful jewelry, I enjoy spending time podcasting. I love sharing my knowledge about jewelry and connecting with other people who are passionate about this art form. I also enjoy spending time with my family and exploring new places. If you would like to learn more about me, please feel free to visit my website at [website address] or visit me at my studio located at 97 Lincoln Street.","['My', 'name', 'is', 'Aaliyah', 'Popova,', 'and', 'I', 'am', 'a', 'jeweler', 'with', '13', 'years', 'of', 'experience.', 'I', 'remember', 'a', 'very', 'unique', 'and', 'challenging', 'project', 'I', 'had', 'to', 'work', 'on', 'last', 'year.', 'A', 'customer', 'approached', 'me', 'with', 'a', 'precious', 'family', 'heirloom', '-', 'a', 'diamond', 'necklace', 'that', 'had', 'been', 'passed', 'down', 'through', 'generations.', 'Unfortunately,', 'the', 'necklace', 'was', 'in', 'poor', 'condition,', 'with', 'several', 'loose', 'diamonds', 'and', 'a', 'broken', 'clasp.', 'The', 'customer', 'wanted', 'me', 'to', 'restore', 'it', 'to', 'its', 'former', 'glory,', 'but', 'it', 'was', 'clear', 'that', 'this', 'would', 'be', 'no', 'ordinary', 'repair.', 'Using', 'my', 'specialized', 'tools', 'and', 'techniques,', 'I', 'began', 'the', 'delicate', 'task', 'of', 'dismantling', 'the', 'necklace.', 'Each', 'diamond', 'was', 'carefully', 'removed', 'from', 'its', 'setting,', 'and', 'the', 'damaged', 'clasp', 'was', 'removed.', 'Once', 'the', 'necklace', 'was', 'completely', 'disassembled,', 'I', 'meticulously', 'cleaned', 'each', 'diamond', 'and', 'inspected', 'it', 'for', 'any', 'damage.', 'Fortunately,', 'the', 'diamonds', 'were', 'all', 'in', 'good', 'condition,', 'with', 'no', 'cracks', 'or', 'chips.', 'The', 'next', 'step', 'was', 'to', 'repair', 'the', 'broken', 'clasp.', 'I', 'carefully', 'soldered', 'the', 'broken', 'pieces', 'back', 'together,', 'ensuring', 'that', 'the', 'clasp', 'was', 'sturdy', 'and', 'secure.', 'Once', 'the', 'clasp', 'was', 'repaired,', 'I', 'began', 'the', 'process', 'of', 'reassembling', 'the', 'necklace.', 'Each', 'diamond', 'was', 'carefully', 'placed', 'back', 'into', 'its', 'setting,', 'and', 'the', 'necklace', 'was', 'polished', 'until', 'it', 'sparkled', 'like', 'new.', 'When', 'I', 'presented', 'the', 'restored', 'necklace', 'to', 'the', 'customer,', 'they', 'were', 'overjoyed.', 'They', ""couldn't"", 'believe', 'that', 'I', 'had', 'been', 'able', 'to', 'bring', 'their', 'family', 'heirloom', 'back', 'to', 'life.', 'The', 'necklace', 'looked', 'as', 'beautiful', 'as', 'it', 'had', 'when', 'it', 'was', 'first', 'created,', 'and', 'the', 'customer', 'was', 'thrilled', 'to', 'have', 'it', 'back', 'in', 'their', 'possession.', 'If', 'you', 'have', 'a', 'project', 'that', 'you', 'would', 'like', 'to', 'discuss,', 'please', 'feel', 'free', 'to', 'contact', 'me', 'by', 'phone', 'at', '(95)', '94215-7906', 'or', 'by', 'email', 'at', 'aaliyah.popova4783@aol.edu.', 'I', 'look', 'forward', 'to', 'hearing', 'from', 'you!', 'P.S.:', 'When', ""I'm"", 'not', 'creating', 'beautiful', 'jewelry,', 'I', 'enjoy', 'spending', 'time', 'podcasting.', 'I', 'love', 'sharing', 'my', 'knowledge', 'about', 'jewelry', 'and', 'connecting', 'with', 'other', 'people', 'who', 'are', 'passionate', 'about', 'this', 'art', 'form.', 'I', 'also', 'enjoy', 'spending', 'time', 'with', 'my', 'family', 'and', 'exploring', 'new', 'places.', 'If', 'you', 'would', 'like', 'to', 'learn', 'more', 'about', 'me,', 'please', 'feel', 'free', 'to', 'visit', 'my', 'website', 'at', '[website', 'address]', 'or', 'visit', 'me', 'at', 'my', 'studio', 'located', 'at', '97', 'Lincoln', 'Street.']","[True, True, True, True, True, True, True, True, True, True, True, True, True, True, True, True, True, True, True, True, True, True, True, True, True, True, True, True, True, True, True, True, True, True, True, True, True, True, True, True, True, True, True, True, True, True, True, True, True, True, True, True, True, True, True, True, True, True, True, True, True, True, True, True, True, True, True, True, True, True, True, True, True, True, True, True, True, True, True, True, True, True, True, True, True, True, True, True, True, True, True, True, True, True, True, True, True, True, True, True, True, True, True, True, True, True, True, True, True, True, True, True, True, True, True, True, True, True, True, True, True, True, True, True, True, True, True, True, True, True, True, True, True, True, True, True, True, True, True, True, True, True, True, True, True, True, True, True, True, True, True, True, True, True, True, True, True, True, True, True, True, True, True, True, True, True, True, True, True, True, True, True, True, True, True, True, True, True, True, True, True, True, True, True, True, True, True, True, True, True, True, True, True, True, True, True, True, True, True, True, True, True, True, True, True, True, True, True, True, True, True, True, True, True, True, True, True, True, True, True, True, True, True, True, True, True, True, True, True, True, True, True, True, True, True, True, True, True, True, True, True, True, True, True, True, True, True, True, True, True, True, True, True, True, True, True, True, True, True, True, True, True, True, True, True, True, True, True, True, True, True, True, True, True, True, True, True, True, True, True, True, True, True, True, True, True, True, True, True, True, True, True, True, True, True, True, True, True, True, True, True, True, True, True, True, True, True, True, True, True, True, True, True, True, True, True, True, True, True, True, True, True, True, True, True, True, True, True, True, True, True, True, True, True, True, True, True, True, True, True, True, True, True, True, True, True, True, True, True, True, True, True, True, True, True, True, True, True, True, True, True, True, False]","['O', 'O', 'O', 'B-NAME_STUDENT', 'I-NAME_STUDENT', 'O', 'O', 'O', 'O', 'O', 'O', 'O', 'O', 'O', 'O', 'O', 'O', 'O', 'O', 'O', 'O', 'O', 'O', 'O', 'O', 'O', 'O', 'O', 'O', 'O', 'O', 'O', 'O', 'O', 'O', 'O', 'O', 'O', 'O', 'O', 'O', 'O', 'O', 'O', 'O', 'O', 'O', 'O', 'O', 'O', 'O', 'O', 'O', 'O', 'O', 'O', 'O', 'O', 'O', 'O', 'O', 'O', 'O', 'O', 'O', 'O', 'O', 'O', 'O', 'O', 'O', 'O', 'O', 'O', 'O', 'O', 'O', 'O', 'O', 'O', 'O', 'O', 'O', 'O', 'O', 'O', 'O', 'O', 'O', 'O', 'O', 'O', 'O', 'O', 'O', 'O', 'O', 'O', 'O', 'O', 'O', 'O', 'O', 'O', 'O', 'O', 'O', 'O', 'O', 'O', 'O', 'O', 'O', 'O', 'O', 'O', 'O', 'O', 'O', 'O', 'O', 'O', 'O', 'O', 'O', 'O', 'O', 'O', 'O', 'O', 'O', 'O', 'O', 'O', 'O', 'O', 'O', 'O', 'O', 'O', 'O', 'O', 'O', 'O', 'O', 'O', 'O', 'O', 'O', 'O', 'O', 'O', 'O', 'O', 'O', 'O', 'O', 'O', 'O', 'O', 'O', 'O', 'O', 'O', 'O', 'O', 'O', 'O', 'O', 'O', 'O', 'O', 'O', 'O', 'O', 'O', 'O', 'O', 'O', 'O', 'O', 'O', 'O', 'O', 'O', 'O', 'O', 'O', 'O', 'O', 'O', 'O', 'O', 'O', 'O', 'O', 'O', 'O', 'O', 'O', 'O', 'O', 'O', 'O', 'O', 'O', 'O', 'O', 'O', 'O', 'O', 'O', 'O', 'O', 'O', 'O', 'O', 'O', 'O', 'O', 'O', 'O', 'O', 'O', 'O', 'O', 'O', 'O', 'O', 'O', 'O', 'O', 'O', 'O', 'O', 'O', 'O', 'O', 'O', 'O', 'O', 'O', 'O', 'O', 'O', 'O', 'O', 'O', 'O', 'O', 'O', 'O', 'O', 'O', 'O', 'O', 'O', 'O', 'O', 'O', 'O', 'O', 'O', 'O', 'O', 'O', 'O', 'O', 'O', 'O', 'O', 'O', 'O', 'O', 'O', 'O', 'B-PHONE_NUM', 'I-PHONE_NUM', 'O', 'O', 'O', 'O', 'B-EMAIL', 'O', 'O', 'O', 'O', 'O', 'O', 'O', 'O', 'O', 'O', 'O', 'O', 'O', 'O', 'O', 'O', 'O', 'O', 'O', 'O', 'O', 'O', 'O', 'O', 'O', 'O', 'O', 'O', 'O', 'O', 'O', 'O', 'O', 'O', 'O', 'O', 'O', 'O', 'O', 'O', 'O', 'O', 'O', 'O', 'O', 'O', 'O', 'O', 'O', 'O', 'O', 'O', 'O', 'O', 'O', 'O', 'O', 'O', 'O', 'O', 'O', 'O', 'O', 'O', 'O', 'O', 'O', 'O', 'O', 'O', 'O', 'O', 'O', 'O', 'O', 'O', 'O', 'B-STREET_ADDRESS', 'I-STREET_ADDRESS', 'I-STREET_ADDRESS']","
    Aaliyah Popova is a jeweler with 13 years of experience. Write a detailed example in first person of a job-related project he/her did in the past. Add the following information about him/her randomly inside the text: name is Aaliyah Popova, phone number is (95) 94215-7906, email is aaliyah.popova4783@aol.edu, hobby is Podcasting, address is 97 Lincoln Street.
    ",1,Aaliyah Popova,aaliyah.popova4783@aol.edu,(95) 94215-7906,jeweler,97 Lincoln Street,,,Podcasting,123456789,0
1073d46f-2241-459b-ab01-851be8d26436,"My name is Konstantin Becker, and I'm a developer with two years of experience. I recently worked on a project where we built a new customer portal for our company. The goal was to create a more user-friendly and intuitive interface that would make it easier for customers to manage their accounts and access information. We started by gathering requirements from our customers and conducting user research to understand their needs and pain points. We then designed a new user interface that was both visually appealing and easy to use. We also implemented a number of new features, such as the ability for customers to view their account history, track their orders, and submit support tickets online. The project was a success, and our customers were very happy with the new portal. They found it to be much easier to use than the old one, and they appreciated the new features. We saw a significant increase in customer satisfaction and engagement as a result of the new portal. Throughout the project, I was responsible for developing the back-end code for the portal. I also worked closely with the design team to ensure that the portal was visually appealing and user-friendly. I'm proud of the work that I did on this project, and I'm confident that it will continue to benefit our customers for years to come. If you would like to contact me, my email address is konstantin.becker@gmail.com and my phone number is 0475 4429797. I live at 826 Webster Street. Quilting is my hobby.","['My', 'name', 'is', 'Konstantin', 'Becker,', 'and', ""I'm"", 'a', 'developer', 'with', 'two', 'years', 'of', 'experience.', 'I', 'recently', 'worked', 'on', 'a', 'project', 'where', 'we', 'built', 'a', 'new', 'customer', 'portal', 'for', 'our', 'company.', 'The', 'goal', 'was', 'to', 'create', 'a', 'more', 'user-friendly', 'and', 'intuitive', 'interface', 'that', 'would', 'make', 'it', 'easier', 'for', 'customers', 'to', 'manage', 'their', 'accounts', 'and', 'access', 'information.', 'We', 'started', 'by', 'gathering', 'requirements', 'from', 'our', 'customers', 'and', 'conducting', 'user', 'research', 'to', 'understand', 'their', 'needs', 'and', 'pain', 'points.', 'We', 'then', 'designed', 'a', 'new', 'user', 'interface', 'that', 'was', 'both', 'visually', 'appealing', 'and', 'easy', 'to', 'use.', 'We', 'also', 'implemented', 'a', 'number', 'of', 'new', 'features,', 'such', 'as', 'the', 'ability', 'for', 'customers', 'to', 'view', 'their', 'account', 'history,', 'track', 'their', 'orders,', 'and', 'submit', 'support', 'tickets', 'online.', 'The', 'project', 'was', 'a', 'success,', 'and', 'our', 'customers', 'were', 'very', 'happy', 'with', 'the', 'new', 'portal.', 'They', 'found', 'it', 'to', 'be', 'much', 'easier', 'to', 'use', 'than', 'the', 'old', 'one,', 'and', 'they', 'appreciated', 'the', 'new', 'features.', 'We', 'saw', 'a', 'significant', 'increase', 'in', 'customer', 'satisfaction', 'and', 'engagement', 'as', 'a', 'result', 'of', 'the', 'new', 'portal.', 'Throughout', 'the', 'project,', 'I', 'was', 'responsible', 'for', 'developing', 'the', 'back-end', 'code', 'for', 'the', 'portal.', 'I', 'also', 'worked', 'closely', 'with', 'the', 'design', 'team', 'to', 'ensure', 'that', 'the', 'portal', 'was', 'visually', 'appealing', 'and', 'user-friendly.', ""I'm"", 'proud', 'of', 'the', 'work', 'that', 'I', 'did', 'on', 'this', 'project,', 'and', ""I'm"", 'confident', 'that', 'it', 'will', 'continue', 'to', 'benefit', 'our', 'customers', 'for', 'years', 'to', 'come.', 'If', 'you', 'would', 'like', 'to', 'contact', 'me,', 'my', 'email', 'address', 'is', 'konstantin.becker@gmail.com', 'and', 'my', 'phone', 'number', 'is', '0475', '4429797.', 'I', 'live', 'at', '826', 'Webster', 'Street.', 'Quilting', 'is', 'my', 'hobby.']","[True, True, True, True, True, True, True, True, True, True, True, True, True, True, True, True, True, True, True, True, True, True, True, True, True, True, True, True, True, True, True, True, True, True, True, True, True, True, True, True, True, True, True, True, True, True, True, True, True, True, True, True, True, True, True, True, True, True, True, True, True, True, True, True, True, True, True, True, True, True, True, True, True, True, True, True, True, True, True, True, True, True, True, True, True, True, True, True, True, True, True, True, True, True, True, True, True, True, True, True, True, True, True, True, True, True, True, True, True, True, True, True, True, True, True, True, True, True, True, True, True, True, True, True, True, True, True, True, True, True, True, True, True, True, True, True, True, True, True, True, True, True, True, True, True, True, True, True, True, True, True, True, True, True, True, True, True, True, True, True, True, True, True, True, True, True, True, True, True, True, True, True, True, True, True, True, True, True, True, True, True, True, True, True, True, True, True, True, True, True, True, True, True, True, True, True, True, True, True, True, True, True, True, True, True, True, True, True, True, True, True, True, True, True, True, True, True, True, True, True, True, True, True, True, True, True, True, True, True, True, True, True, True, True, True, True, True, True, True, True, True, True, True, True, True, True, True, True, True, True, True, True, True, True, False]","['O', 'O', 'O', 'B-NAME_STUDENT', 'I-NAME_STUDENT', 'O', 'O', 'O', 'O', 'O', 'O', 'O', 'O', 'O', 'O', 'O', 'O', 'O', 'O', 'O', 'O', 'O', 'O', 'O', 'O', 'O', 'O', 'O', 'O', 'O', 'O', 'O', 'O', 'O', 'O', 'O', 'O', 'O', 'O', 'O', 'O', 'O', 'O', 'O', 'O', 'O', 'O', 'O', 'O', 'O', 'O', 'O', 'O', 'O', 'O', 'O', 'O', 'O', 'O', 'O', 'O', 'O', 'O', 'O', 'O', 'O', 'O', 'O', 'O', 'O', 'O', 'O', 'O', 'O', 'O', 'O', 'O', 'O', 'O', 'O', 'O', 'O', 'O', 'O', 'O', 'O', 'O', 'O', 'O', 'O', 'O', 'O', 'O', 'O', 'O', 'O', 'O', 'O', 'O', 'O', 'O', 'O', 'O', 'O', 'O', 'O', 'O', 'O', 'O', 'O', 'O', 'O', 'O', 'O', 'O', 'O', 'O', 'O', 'O', 'O', 'O', 'O', 'O', 'O', 'O', 'O', 'O', 'O', 'O', 'O', 'O', 'O', 'O', 'O', 'O', 'O', 'O', 'O', 'O', 'O', 'O', 'O', 'O', 'O', 'O', 'O', 'O', 'O', 'O', 'O', 'O', 'O', 'O', 'O', 'O', 'O', 'O', 'O', 'O', 'O', 'O', 'O', 'O', 'O', 'O', 'O', 'O', 'O', 'O', 'O', 'O', 'O', 'O', 'O', 'O', 'O', 'O', 'O', 'O', 'O', 'O', 'O', 'O', 'O', 'O', 'O', 'O', 'O', 'O', 'O', 'O', 'O', 'O', 'O', 'O', 'O', 'O', 'O', 'O', 'O', 'O', 'O', 'O', 'O', 'O', 'O', 'O', 'O', 'O', 'O', 'O', 'O', 'O', 'O', 'O', 'O', 'O', 'O', 'O', 'O', 'O', 'O', 'O', 'O', 'O', 'O', 'O', 'O', 'O', 'O', 'O', 'O', 'O', 'O', 'O', 'O', 'O', 'B-EMAIL', 'O', 'O', 'O', 'O', 'O', 'B-PHONE_NUM', 'I-PHONE_NUM', 'O', 'O', 'O', 'B-STREET_ADDRESS', 'I-STREET_ADDRESS', 'I-STREET_ADDRESS', 'O', 'O', 'O', 'O']","
    Konstantin Becker is a developer with 2 years of experience. Write a detailed example in first person of a job-related project he/her did in the past. Add the following information about him/her randomly inside the text: name is Konstantin Becker, phone number is 0475 4429797, email is konstantin.becker8489@gmail.com, hobby is Quilting, address is 826 Webster Street.
    ",1,Konstantin Becker,konstantin.becker@gmail.com,0475 4429797,developer,826 Webster Street,,,Quilting,255,0
353da41e-7799-4071-ab20-d959b362612e,"As Mieko Mitsubishi Johnson Wilson Oluwatimilehin Dennis, an account manager at a prominent software company, I encountered a unique challenge that required my utmost dedication and expertise to solve. The issue arose when one of our valued clients, a leading multinational corporation, reported inconsistencies in their data analytics platform. The discrepancies were affecting their decision-making processes and causing uncertainty within their operations. With a sense of urgency, I delved into the intricacies of the problem, carefully examining the data sets, algorithms, and underlying infrastructure. I spent countless hours poring over lines of code, analyzing patterns, and conducting thorough testing to pinpoint the root cause of the discrepancies. My unwavering commitment to excellence and meticulous attention to detail eventually led me to identify a subtle bug in the system's architecture. To rectify the situation, I collaborated closely with our team of engineers, providing clear and concise instructions to address the bug and implement a comprehensive solution. Our collective efforts resulted in the successful resolution of the issue, restoring accuracy and reliability to the client's data analytics platform. The client expressed their immense gratitude for our prompt and effective response, reaffirming their trust in our services. It is moments like these that remind me of the immense satisfaction that comes from solving complex problems and making a positive impact on our clients' businesses. I take immense pride in my ability to identify and resolve challenges with ingenuity and precision. My unwavering commitment to excellence and passion for delivering exceptional results drive me to consistently exceed expectations. Mieko Mitsubishi Account Manager 1309 Southwest 71st Terrace mieko_mitsubishi@msn.org","['As', 'Mieko', 'Mitsubishi,', 'an', 'account', 'manager', 'at', 'a', 'prominent', 'software', 'company,', 'I', 'encountered', 'a', 'unique', 'challenge', 'that', 'required', 'my', 'utmost', 'dedication', 'and', 'expertise', 'to', 'solve.', 'The', 'issue', 'arose', 'when', 'one', 'of', 'our', 'valued', 'clients,', 'a', 'leading', 'multinational', 'corporation,', 'reported', 'inconsistencies', 'in', 'their', 'data', 'analytics', 'platform.', 'The', 'discrepancies', 'were', 'affecting', 'their', 'decision-making', 'processes', 'and', 'causing', 'uncertainty', 'within', 'their', 'operations.', 'With', 'a', 'sense', 'of', 'urgency,', 'I', 'delved', 'into', 'the', 'intricacies', 'of', 'the', 'problem,', 'carefully', 'examining', 'the', 'data', 'sets,', 'algorithms,', 'and', 'underlying', 'infrastructure.', 'I', 'spent', 'countless', 'hours', 'poring', 'over', 'lines', 'of', 'code,', 'analyzing', 'patterns,', 'and', 'conducting', 'thorough', 'testing', 'to', 'pinpoint', 'the', 'root', 'cause', 'of', 'the', 'discrepancies.', 'My', 'unwavering', 'commitment', 'to', 'excellence', 'and', 'meticulous', 'attention', 'to', 'detail', 'eventually', 'led', 'me', 'to', 'identify', 'a', 'subtle', 'bug', 'in', 'the', ""system's"", 'architecture.', 'To', 'rectify', 'the', 'situation,', 'I', 'collaborated', 'closely', 'with', 'our', 'team', 'of', 'engineers,', 'providing', 'clear', 'and', 'concise', 'instructions', 'to', 'address', 'the', 'bug', 'and', 'implement', 'a', 'comprehensive', 'solution.', 'Our', 'collective', 'efforts', 'resulted', 'in', 'the', 'successful', 'resolution', 'of', 'the', 'issue,', 'restoring', 'accuracy', 'and', 'reliability', 'to', 'the', ""client's"", 'data', 'analytics', 'platform.', 'The', 'client', 'expressed', 'their', 'immense', 'gratitude', 'for', 'our', 'prompt', 'and', 'effective', 'response,', 'reaffirming', 'their', 'trust', 'in', 'our', 'services.', 'It', 'is', 'moments', 'like', 'these', 'that', 'remind', 'me', 'of', 'the', 'immense', 'satisfaction', 'that', 'comes', 'from', 'solving', 'complex', 'problems', 'and', 'making', 'a', 'positive', 'impact', 'on', 'our', ""clients'"", 'businesses.', 'I', 'take', 'immense', 'pride', 'in', 'my', 'ability', 'to', 'identify', 'and', 'resolve', 'challenges', 'with', 'ingenuity', 'and', 'precision.', 'My', 'unwavering', 'commitment', 'to', 'excellence', 'and', 'passion', 'for', 'delivering', 'exceptional', 'results', 'drive', 'me', 'to', 'consistently', 'exceed', 'expectations.', 'Mieko', 'Mitsubishi', 'Account', 'Manager', '1309', 'Southwest', '71st', 'Terrace', 'mieko_mitsubishi@msn.org']","[True, True, True, True, True, True, True, True, True, True, True, True, True, True, True, True, True, True, True, True, True, True, True, True, True, True, True, True, True, True, True, True, True, True, True, True, True, True, True, True, True, True, True, True, True, True, True, True, True, True, True, True, True, True, True, True, True, True, True, True, True, True, True, True, True, True, True, True, True, True, True, True, True, True, True, True, True, True, True, True, True, True, True, True, True, True, True, True, True, True, True, True, True, True, True, True, True, True, True, True, True, True, True, True, True, True, True, True, True, True, True, True, True, True, True, True, True, True, True, True, True, True, True, True, True, True, True, True, True, True, True, True, True, True, True, True, True, True, True, True, True, True, True, True, True, True, True, True, True, True, True, True, True, True, True, True, True, True, True, True, True, True, True, True, True, True, True, True, True, True, True, True, True, True, True, True, True, True, True, True, True, True, True, True, True, True, True, True, True, True, True, True, True, True, True, True, True, True, True, True, True, True, True, True, True, True, True, True, True, True, True, True, True, True, True, True, True, True, True, True, True, True, True, True, True, True, True, True, True, True, True, True, True, True, True, True, True, True, True, True, True, True, True, True, True, True, True, True, True, True, True, True, True, True, True, True, True, True, False]","['O', 'B-NAME_STUDENT', 'I-NAME_STUDENT', 'O', 'O', 'O', 'O', 'O', 'O', 'O', 'O', 'O', 'O', 'O', 'O', 'O', 'O', 'O', 'O', 'O', 'O', 'O', 'O', 'O', 'O', 'O', 'O', 'O', 'O', 'O', 'O', 'O', 'O', 'O', 'O', 'O', 'O', 'O', 'O', 'O', 'O', 'O', 'O', 'O', 'O', 'O', 'O', 'O', 'O', 'O', 'O', 'O', 'O', 'O', 'O', 'O', 'O', 'O', 'O', 'O', 'O', 'O', 'O', 'O', 'O', 'O', 'O', 'O', 'O', 'O', 'O', 'O', 'O', 'O', 'O', 'O', 'O', 'O', 'O', 'O', 'O', 'O', 'O', 'O', 'O', 'O', 'O', 'O', 'O', 'O', 'O', 'O', 'O', 'O', 'O', 'O', 'O', 'O', 'O', 'O', 'O', 'O', 'O', 'O', 'O', 'O', 'O', 'O', 'O', 'O', 'O', 'O', 'O', 'O', 'O', 'O', 'O', 'O', 'O', 'O', 'O', 'O', 'O', 'O', 'O', 'O', 'O', 'O', 'O', 'O', 'O', 'O', 'O', 'O', 'O', 'O', 'O', 'O', 'O', 'O', 'O', 'O', 'O', 'O', 'O', 'O', 'O', 'O', 'O', 'O', 'O', 'O', 'O', 'O', 'O', 'O', 'O', 'O', 'O', 'O', 'O', 'O', 'O', 'O', 'O', 'O', 'O', 'O', 'O', 'O', 'O', 'O', 'O', 'O', 'O', 'O', 'O', 'O', 'O', 'O', 'O', 'O', 'O', 'O', 'O', 'O', 'O', 'O', 'O', 'O', 'O', 'O', 'O', 'O', 'O', 'O', 'O', 'O', 'O', 'O', 'O', 'O', 'O', 'O', 'O', 'O', 'O', 'O', 'O', 'O', 'O', 'O', 'O', 'O', 'O', 'O', 'O', 'O', 'O', 'O', 'O', 'O', 'O', 'O', 'O', 'O', 'O', 'O', 'O', 'O', 'O', 'O', 'O', 'O', 'O', 'O', 'O', 'O', 'O', 'O', 'O', 'O', 'O', 'O', 'O', 'O', 'O', 'O', 'O', 'O', 'B-NAME_STUDENT', 'I-NAME_STUDENT', 'O', 'O', 'B-STREET_ADDRESS', 'I-STREET_ADDRESS', 'I-STREET_ADDRESS', 'I-STREET_ADDRESS', 'B-EMAIL']","
    Mieko Mitsubishi is a account manager. Write a first person summary of something he solved in his job. Add the following information about him/her (randomly please) inside the text: name is Mieko Mitsubishi, email is mieko_mitsubishi@msn.org, address is 1309 Southwest 71st Terrace.
    ",3,Mieko Mitsubishi,mieko_mitsubishi@msn.org,+27 61 222 4762,account manager,1309 Southwest 71st Terrace,,,Metal detecting,259,nothing
9324ee01-7bdc-41b1-a7a5-01307f72c20d,"My name is Kazuo Sun, and I'm an air traffic controller with seven years of experience. I've always been fascinated by aviation, and I love the challenge of keeping planes safe and on time. One of the most memorable projects I worked on was a major upgrade to our airport's radar system. The old system was outdated and prone to breakdowns, and it was becoming increasingly difficult to keep up with the growing number of flights. I was assigned to the team that was responsible for planning and implementing the upgrade. We worked closely with the engineers and technicians to design a new system that would be more reliable, efficient, and capable. The project took several months to complete, and it was a lot of hard work. But in the end, it was worth it. The new radar system has been a major improvement, and it has helped us to improve the safety and efficiency of our airport. I'm proud of the work that I did on this project, and I'm grateful for the opportunity to have been a part of it. It was a challenging experience, but it also taught me a lot about teamwork, problem-solving, and the importance of staying up-to-date on the latest technology. Outside of work, I enjoy spending time with my family and friends. I also enjoy amateur radio and tinkering with electronics. I'm always looking for new projects to work on, and I'm always learning new things. If you'd like to get in touch with me, you can reach me by phone at 0304 2215930 or by email at kazuosun@hotmail.net. You can also find me at my home address, which is 736 Sicard Street Southeast.","['My', 'name', 'is', 'Kazuo', 'Sun,', 'and', ""I'm"", 'an', 'air', 'traffic', 'controller', 'with', 'seven', 'years', 'of', 'experience.', ""I've"", 'always', 'been', 'fascinated', 'by', 'aviation,', 'and', 'I', 'love', 'the', 'challenge', 'of', 'keeping', 'planes', 'safe', 'and', 'on', 'time.', 'One', 'of', 'the', 'most', 'memorable', 'projects', 'I', 'worked', 'on', 'was', 'a', 'major', 'upgrade', 'to', 'our', ""airport's"", 'radar', 'system.', 'The', 'old', 'system', 'was', 'outdated', 'and', 'prone', 'to', 'breakdowns,', 'and', 'it', 'was', 'becoming', 'increasingly', 'difficult', 'to', 'keep', 'up', 'with', 'the', 'growing', 'number', 'of', 'flights.', 'I', 'was', 'assigned', 'to', 'the', 'team', 'that', 'was', 'responsible', 'for', 'planning', 'and', 'implementing', 'the', 'upgrade.', 'We', 'worked', 'closely', 'with', 'the', 'engineers', 'and', 'technicians', 'to', 'design', 'a', 'new', 'system', 'that', 'would', 'be', 'more', 'reliable,', 'efficient,', 'and', 'capable.', 'The', 'project', 'took', 'several', 'months', 'to', 'complete,', 'and', 'it', 'was', 'a', 'lot', 'of', 'hard', 'work.', 'But', 'in', 'the', 'end,', 'it', 'was', 'worth', 'it.', 'The', 'new', 'radar', 'system', 'has', 'been', 'a', 'major', 'improvement,', 'and', 'it', 'has', 'helped', 'us', 'to', 'improve', 'the', 'safety', 'and', 'efficiency', 'of', 'our', 'airport.', ""I'm"", 'proud', 'of', 'the', 'work', 'that', 'I', 'did', 'on', 'this', 'project,', 'and', ""I'm"", 'grateful', 'for', 'the', 'opportunity', 'to', 'have', 'been', 'a', 'part', 'of', 'it.', 'It', 'was', 'a', 'challenging', 'experience,', 'but', 'it', 'also', 'taught', 'me', 'a', 'lot', 'about', 'teamwork,', 'problem-solving,', 'and', 'the', 'importance', 'of', 'staying', 'up-to-date', 'on', 'the', 'latest', 'technology.', 'Outside', 'of', 'work,', 'I', 'enjoy', 'spending', 'time', 'with', 'my', 'family', 'and', 'friends.', 'I', 'also', 'enjoy', 'amateur', 'radio', 'and', 'tinkering', 'with', 'electronics.', ""I'm"", 'always', 'looking', 'for', 'new', 'projects', 'to', 'work', 'on,', 'and', ""I'm"", 'always', 'learning', 'new', 'things.', 'If', ""you'd"", 'like', 'to', 'get', 'in', 'touch', 'with', 'me,', 'you', 'can', 'reach', 'me', 'by', 'phone', 'at', '0304', '2215930', 'or', 'by', 'email', 'at', 'kazuosun@hotmail.net.', 'You', 'can', 'also', 'find', 'me', 'at', 'my', 'home', 'address,', 'which', 'is', '736', 'Sicard', 'Street', 'Southeast.']","[True, True, True, True, True, True, True, True, True, True, True, True, True, True, True, True, True, True, True, True, True, True, True, True, True, True, True, True, True, True, True, True, True, True, True, True, True, True, True, True, True, True, True, True, True, True, True, True, True, True, True, True, True, True, True, True, True, True, True, True, True, True, True, True, True, True, True, True, True, True, True, True, True, True, True, True, True, True, True, True, True, True, True, True, True, True, True, True, True, True, True, True, True, True, True, True, True, True, True, True, True, True, True, True, True, True, True, True, True, True, True, True, True, True, True, True, True, True, True, True, True, True, True, True, True, True, True, True, True, True, True, True, True, True, True, True, True, True, True, True, True, True, True, True, True, True, True, True, True, True, True, True, True, True, True, True, True, True, True, True, True, True, True, True, True, True, True, True, True, True, True, True, True, True, True, True, True, True, True, True, True, True, True, True, True, True, True, True, True, True, True, True, True, True, True, True, True, True, True, True, True, True, True, True, True, True, True, True, True, True, True, True, True, True, True, True, True, True, True, True, True, True, True, True, True, True, True, True, True, True, True, True, True, True, True, True, True, True, True, True, True, True, True, True, True, True, True, True, True, True, True, True, True, True, True, True, True, True, True, True, True, True, True, True, True, True, True, True, True, True, True, True, True, True, True, True, True, True, True, True, False]","['O', 'O', 'O', 'B-NAME_STUDENT', 'I-NAME_STUDENT', 'O', 'O', 'O', 'O', 'O', 'O', 'O', 'O', 'O', 'O', 'O', 'O', 'O', 'O', 'O', 'O', 'O', 'O', 'O', 'O', 'O', 'O', 'O', 'O', 'O', 'O', 'O', 'O', 'O', 'O', 'O', 'O', 'O', 'O', 'O', 'O', 'O', 'O', 'O', 'O', 'O', 'O', 'O', 'O', 'O', 'O', 'O', 'O', 'O', 'O', 'O', 'O', 'O', 'O', 'O', 'O', 'O', 'O', 'O', 'O', 'O', 'O', 'O', 'O', 'O', 'O', 'O', 'O', 'O', 'O', 'O', 'O', 'O', 'O', 'O', 'O', 'O', 'O', 'O', 'O', 'O', 'O', 'O', 'O', 'O', 'O', 'O', 'O', 'O', 'O', 'O', 'O', 'O', 'O', 'O', 'O', 'O', 'O', 'O', 'O', 'O', 'O', 'O', 'O', 'O', 'O', 'O', 'O', 'O', 'O', 'O', 'O', 'O', 'O', 'O', 'O', 'O', 'O', 'O', 'O', 'O', 'O', 'O', 'O', 'O', 'O', 'O', 'O', 'O', 'O', 'O', 'O', 'O', 'O', 'O', 'O', 'O', 'O', 'O', 'O', 'O', 'O', 'O', 'O', 'O', 'O', 'O', 'O', 'O', 'O', 'O', 'O', 'O', 'O', 'O', 'O', 'O', 'O', 'O', 'O', 'O', 'O', 'O', 'O', 'O', 'O', 'O', 'O', 'O', 'O', 'O', 'O', 'O', 'O', 'O', 'O', 'O', 'O', 'O', 'O', 'O', 'O', 'O', 'O', 'O', 'O', 'O', 'O', 'O', 'O', 'O', 'O', 'O', 'O', 'O', 'O', 'O', 'O', 'O', 'O', 'O', 'O', 'O', 'O', 'O', 'O', 'O', 'O', 'O', 'O', 'O', 'O', 'O', 'O', 'O', 'O', 'O', 'O', 'O', 'O', 'O', 'O', 'O', 'O', 'O', 'O', 'O', 'O', 'O', 'O', 'O', 'O', 'O', 'O', 'O', 'O', 'O', 'O', 'O', 'O', 'O', 'O', 'O', 'O', 'O', 'O', 'O', 'O', 'O', 'O', 'O', 'O', 'O', 'O', 'B-PHONE_NUM', 'I-PHONE_NUM', 'O', 'O', 'O', 'O', 'B-EMAIL', 'O', 'O', 'O', 'O', 'O', 'O', 'O', 'O', 'O', 'O', 'O', 'B-STREET_ADDRESS', 'I-STREET_ADDRESS', 'I-STREET_ADDRESS', 'I-STREET_ADDRESS']","
    Kazuo Sun is a air traffic controller with 7 years of experience. Write a detailed example in first person of a job-related project he/her did in the past. Add the following information about him/her randomly inside the text: name is Kazuo Sun, phone number is 0304 2215930, email is kazuosun8489@hotmail.net, hobby is Amateur radio, address is 736 Sicard Street Southeast.
    ",1,Kazuo Sun,kazuosun@hotmail.net,0304 2215930,air traffic controller,736 Sicard Street Southeast,,,Amateur radio,281,errm
971fe266-2739-4f1b-979b-7f64e07d5a4a,"My name is Arina Sun, and I'm a dental hygienist. I have the privilege of assisting individuals in maintaining excellent oral health. One memorable incident that stands out in my career occurred during a routine checkup. I noticed an abnormality in a patient's X-ray. Upon closer examination, I discovered a small cavity forming between two molars. The patient had not experienced any pain or sensitivity, so they were unaware of the issue. I brought it to their attention, explained the potential consequences of leaving it untreated, and recommended a course of action. The patient was grateful for my diligence and promptly scheduled an appointment for a filling. The patient returned a few days later, and the filling procedure went smoothly. They expressed their appreciation for my attention to detail and for preventing a more serious problem from developing. Moments like these remind me of the profound impact dental hygienists can have on the lives of our patients. It's important to maintain regular checkups and cleanings to ensure optimal oral health. If you have any questions or concerns about your oral health, don't hesitate to reach out to me at arina-sun@gmail.net or visit my office at 5701 North 67th Avenue. Let's work together to achieve and maintain a healthy, beautiful smile.","['My', 'name', 'is', 'Arina', 'Sun,', 'and', ""I'm"", 'a', 'dental', 'hygienist.', 'I', 'have', 'the', 'privilege', 'of', 'assisting', 'individuals', 'in', 'maintaining', 'excellent', 'oral', 'health.', 'One', 'memorable', 'incident', 'that', 'stands', 'out', 'in', 'my', 'career', 'occurred', 'during', 'a', 'routine', 'checkup.', 'I', 'noticed', 'an', 'abnormality', 'in', 'a', ""patient's"", 'X-ray.', 'Upon', 'closer', 'examination,', 'I', 'discovered', 'a', 'small', 'cavity', 'forming', 'between', 'two', 'molars.', 'The', 'patient', 'had', 'not', 'experienced', 'any', 'pain', 'or', 'sensitivity,', 'so', 'they', 'were', 'unaware', 'of', 'the', 'issue.', 'I', 'brought', 'it', 'to', 'their', 'attention,', 'explained', 'the', 'potential', 'consequences', 'of', 'leaving', 'it', 'untreated,', 'and', 'recommended', 'a', 'course', 'of', 'action.', 'The', 'patient', 'was', 'grateful', 'for', 'my', 'diligence', 'and', 'promptly', 'scheduled', 'an', 'appointment', 'for', 'a', 'filling.', 'The', 'patient', 'returned', 'a', 'few', 'days', 'later,', 'and', 'the', 'filling', 'procedure', 'went', 'smoothly.', 'They', 'expressed', 'their', 'appreciation', 'for', 'my', 'attention', 'to', 'detail', 'and', 'for', 'preventing', 'a', 'more', 'serious', 'problem', 'from', 'developing.', 'Moments', 'like', 'these', 'remind', 'me', 'of', 'the', 'profound', 'impact', 'dental', 'hygienists', 'can', 'have', 'on', 'the', 'lives', 'of', 'our', 'patients.', ""It's"", 'important', 'to', 'maintain', 'regular', 'checkups', 'and', 'cleanings', 'to', 'ensure', 'optimal', 'oral', 'health.', 'If', 'you', 'have', 'any', 'questions', 'or', 'concerns', 'about', 'your', 'oral', 'health,', ""don't"", 'hesitate', 'to', 'reach', 'out', 'to', 'me', 'at', 'arina-sun@gmail.net', 'or', 'visit', 'my', 'office', 'at', '5701', 'North', '67th', 'Avenue.', ""Let's"", 'work', 'together', 'to', 'achieve', 'and', 'maintain', 'a', 'healthy,', 'beautiful', 'smile.']","[True, True, True, True, True, True, True, True, True, True, True, True, True, True, True, True, True, True, True, True, True, True, True, True, True, True, True, True, True, True, True, True, True, True, True, True, True, True, True, True, True, True, True, True, True, True, True, True, True, True, True, True, True, True, True, True, True, True, True, True, True, True, True, True, True, True, True, True, True, True, True, True, True, True, True, True, True, True, True, True, True, True, True, True, True, True, True, True, True, True, True, True, True, True, True, True, True, True, True, True, True, True, True, True, True, True, True, True, True, True, True, True, True, True, True, True, True, True, True, True, True, True, True, True, True, True, True, True, True, True, True, True, True, True, True, True, True, True, True, True, True, True, True, True, True, True, True, True, True, True, True, True, True, True, True, True, True, True, True, True, True, True, True, True, True, True, True, True, True, True, True, True, True, True, True, True, True, True, True, True, True, True, True, True, True, True, True, True, True, True, True, True, True, True, True, True, True, True, True, True, True, True, True, True, True, True, True, True, True, False]","['O', 'O', 'O', 'B-NAME_STUDENT', 'I-NAME_STUDENT', 'O', 'O', 'O', 'O', 'O', 'O', 'O', 'O', 'O', 'O', 'O', 'O', 'O', 'O', 'O', 'O', 'O', 'O', 'O', 'O', 'O', 'O', 'O', 'O', 'O', 'O', 'O', 'O', 'O', 'O', 'O', 'O', 'O', 'O', 'O', 'O', 'O', 'O', 'O', 'O', 'O', 'O', 'O', 'O', 'O', 'O', 'O', 'O', 'O', 'O', 'O', 'O', 'O', 'O', 'O', 'O', 'O', 'O', 'O', 'O', 'O', 'O', 'O', 'O', 'O', 'O', 'O', 'O', 'O', 'O', 'O', 'O', 'O', 'O', 'O', 'O', 'O', 'O', 'O', 'O', 'O', 'O', 'O', 'O', 'O', 'O', 'O', 'O', 'O', 'O', 'O', 'O', 'O', 'O', 'O', 'O', 'O', 'O', 'O', 'O', 'O', 'O', 'O', 'O', 'O', 'O', 'O', 'O', 'O', 'O', 'O', 'O', 'O', 'O', 'O', 'O', 'O', 'O', 'O', 'O', 'O', 'O', 'O', 'O', 'O', 'O', 'O', 'O', 'O', 'O', 'O', 'O', 'O', 'O', 'O', 'O', 'O', 'O', 'O', 'O', 'O', 'O', 'O', 'O', 'O', 'O', 'O', 'O', 'O', 'O', 'O', 'O', 'O', 'O', 'O', 'O', 'O', 'O', 'O', 'O', 'O', 'O', 'O', 'O', 'O', 'O', 'O', 'O', 'O', 'O', 'O', 'O', 'O', 'O', 'O', 'O', 'O', 'O', 'O', 'O', 'O', 'O', 'O', 'O', 'B-EMAIL', 'O', 'O', 'O', 'O', 'O', 'B-STREET_ADDRESS', 'I-STREET_ADDRESS', 'I-STREET_ADDRESS', 'I-STREET_ADDRESS', 'O', 'O', 'O', 'O', 'O', 'O', 'O', 'O', 'O', 'O', 'O']","
    Arina Sun is a dental hygienist. Write a first person summary of something he solved in his job. Add the following information about him/her randomly inside the text: name is Arina Sun, email is arina-sun@gmail.net, address is 5701 North 67th Avenue.
    ",3,Arina Sun,arina-sun@gmail.net,0412 1245924,dental hygienist,5701 North 67th Avenue,,,Related,210,nothing
13166f5c-6f4a-4047-90b8-52599e98f221,"Baha Hoffman, a skilled and experienced lawyer, undertook a significant job-related project in the past that showcased his legal expertise and commitment to justice. The project involved a complex commercial dispute between two major corporations, which required careful analysis, negotiation, and strategic decision-making. Baha's role in the project was multifaceted. He began by conducting a thorough investigation into the case, gathering evidence, and interviewing key witnesses. His attention to detail and ability to uncover crucial information proved invaluable in building a strong foundation for the case. Once the investigation was complete, Baha meticulously crafted a legal strategy aimed at achieving the best possible outcome for his client. He spent countless hours analyzing relevant laws, regulations, and precedents, ensuring that every argument was well-supported and persuasive. With a solid strategy in place, Baha engaged in extensive negotiations with the opposing party. He demonstrated exceptional communication and diplomacy skills, effectively conveying his client's position while seeking common ground and exploring potential solutions. His ability to find creative compromises and build rapport with his counterparts played a crucial role in moving the case towards a favorable resolution. Throughout the project, Baha maintained regular communication with his client, keeping them informed of the progress and any developments in the case. His dedication to client service and responsiveness were highly appreciated, fostering trust and confidence in the attorney-client relationship. Baha's hard work and dedication paid off when the parties eventually reached a settlement agreement that met his client's objectives. The successful resolution of the dispute was a testament to Baha's legal acumen, negotiation skills, and unwavering commitment to his clients. If you have any further questions or require additional information, please do not hesitate to contact Baha Hoffman at +27 68 670 7513 or via email at bahahoffman@yahoo.net.","['Baha', 'Hoffman,', 'a', 'skilled', 'and', 'experienced', 'lawyer,', 'undertook', 'a', 'significant', 'job-related', 'project', 'in', 'the', 'past', 'that', 'showcased', 'his', 'legal', 'expertise', 'and', 'commitment', 'to', 'justice.', 'The', 'project', 'involved', 'a', 'complex', 'commercial', 'dispute', 'between', 'two', 'major', 'corporations,', 'which', 'required', 'careful', 'analysis,', 'negotiation,', 'and', 'strategic', 'decision-making.', ""Baha's"", 'role', 'in', 'the', 'project', 'was', 'multifaceted.', 'He', 'began', 'by', 'conducting', 'a', 'thorough', 'investigation', 'into', 'the', 'case,', 'gathering', 'evidence,', 'and', 'interviewing', 'key', 'witnesses.', 'His', 'attention', 'to', 'detail', 'and', 'ability', 'to', 'uncover', 'crucial', 'information', 'proved', 'invaluable', 'in', 'building', 'a', 'strong', 'foundation', 'for', 'the', 'case.', 'Once', 'the', 'investigation', 'was', 'complete,', 'Baha', 'meticulously', 'crafted', 'a', 'legal', 'strategy', 'aimed', 'at', 'achieving', 'the', 'best', 'possible', 'outcome', 'for', 'his', 'client.', 'He', 'spent', 'countless', 'hours', 'analyzing', 'relevant', 'laws,', 'regulations,', 'and', 'precedents,', 'ensuring', 'that', 'every', 'argument', 'was', 'well-supported', 'and', 'persuasive.', 'With', 'a', 'solid', 'strategy', 'in', 'place,', 'Baha', 'engaged', 'in', 'extensive', 'negotiations', 'with', 'the', 'opposing', 'party.', 'He', 'demonstrated', 'exceptional', 'communication', 'and', 'diplomacy', 'skills,', 'effectively', 'conveying', 'his', ""client's"", 'position', 'while', 'seeking', 'common', 'ground', 'and', 'exploring', 'potential', 'solutions.', 'His', 'ability', 'to', 'find', 'creative', 'compromises', 'and', 'build', 'rapport', 'with', 'his', 'counterparts', 'played', 'a', 'crucial', 'role', 'in', 'moving', 'the', 'case', 'towards', 'a', 'favorable', 'resolution.', 'Throughout', 'the', 'project,', 'Baha', 'maintained', 'regular', 'communication', 'with', 'his', 'client,', 'keeping', 'them', 'informed', 'of', 'the', 'progress', 'and', 'any', 'developments', 'in', 'the', 'case.', 'His', 'dedication', 'to', 'client', 'service', 'and', 'responsiveness', 'were', 'highly', 'appreciated,', 'fostering', 'trust', 'and', 'confidence', 'in', 'the', 'attorney-client', 'relationship.', ""Baha's"", 'hard', 'work', 'and', 'dedication', 'paid', 'off', 'when', 'the', 'parties', 'eventually', 'reached', 'a', 'settlement', 'agreement', 'that', 'met', 'his', ""client's"", 'objectives.', 'The', 'successful', 'resolution', 'of', 'the', 'dispute', 'was', 'a', 'testament', 'to', ""Baha's"", 'legal', 'acumen,', 'negotiation', 'skills,', 'and', 'unwavering', 'commitment', 'to', 'his', 'clients.', 'If', 'you', 'have', 'any', 'further', 'questions', 'or', 'require', 'additional', 'information,', 'please', 'do', 'not', 'hesitate', 'to', 'contact', 'Baha', 'Hoffman', 'at', '+27', '68', '670', '7513', 'or', 'via', 'email', 'at', 'bahahoffman@yahoo.net.']","[True, True, True, True, True, True, True, True, True, True, True, True, True, True, True, True, True, True, True, True, True, True, True, True, True, True, True, True, True, True, True, True, True, True, True, True, True, True, True, True, True, True, True, True, True, True, True, True, True, True, True, True, True, True, True, True, True, True, True, True, True, True, True, True, True, True, True, True, True, True, True, True, True, True, True, True, True, True, True, True, True, True, True, True, True, True, True, True, True, True, True, True, True, True, True, True, True, True, True, True, True, True, True, True, True, True, True, True, True, True, True, True, True, True, True, True, True, True, True, True, True, True, True, True, True, True, True, True, True, True, True, True, True, True, True, True, True, True, True, True, True, True, True, True, True, True, True, True, True, True, True, True, True, True, True, True, True, True, True, True, True, True, True, True, True, True, True, True, True, True, True, True, True, True, True, True, True, True, True, True, True, True, True, True, True, True, True, True, True, True, True, True, True, True, True, True, True, True, True, True, True, True, True, True, True, True, True, True, True, True, True, True, True, True, True, True, True, True, True, True, True, True, True, True, True, True, True, True, True, True, True, True, True, True, True, True, True, True, True, True, True, True, True, True, True, True, True, True, True, True, True, True, True, True, True, True, True, True, True, True, True, True, True, True, True, True, True, True, True, True, True, True, True, True, True, True, True, True, True, True, True, True, True, True, True, True, True, True, True, True, True, True, False]","['B-NAME_STUDENT', 'I-NAME_STUDENT', 'O', 'O', 'O', 'O', 'O', 'O', 'O', 'O', 'O', 'O', 'O', 'O', 'O', 'O', 'O', 'O', 'O', 'O', 'O', 'O', 'O', 'O', 'O', 'O', 'O', 'O', 'O', 'O', 'O', 'O', 'O', 'O', 'O', 'O', 'O', 'O', 'O', 'O', 'O', 'O', 'O', 'B-NAME_STUDENT', 'O', 'O', 'O', 'O', 'O', 'O', 'O', 'O', 'O', 'O', 'O', 'O', 'O', 'O', 'O', 'O', 'O', 'O', 'O', 'O', 'O', 'O', 'O', 'O', 'O', 'O', 'O', 'O', 'O', 'O', 'O', 'O', 'O', 'O', 'O', 'O', 'O', 'O', 'O', 'O', 'O', 'O', 'O', 'O', 'O', 'O', 'O', 'B-NAME_STUDENT', 'O', 'O', 'O', 'O', 'O', 'O', 'O', 'O', 'O', 'O', 'O', 'O', 'O', 'O', 'O', 'O', 'O', 'O', 'O', 'O', 'O', 'O', 'O', 'O', 'O', 'O', 'O', 'O', 'O', 'O', 'O', 'O', 'O', 'O', 'O', 'O', 'O', 'O', 'O', 'B-NAME_STUDENT', 'O', 'O', 'O', 'O', 'O', 'O', 'O', 'O', 'O', 'O', 'O', 'O', 'O', 'O', 'O', 'O', 'O', 'O', 'O', 'O', 'O', 'O', 'O', 'O', 'O', 'O', 'O', 'O', 'O', 'O', 'O', 'O', 'O', 'O', 'O', 'O', 'O', 'O', 'O', 'O', 'O', 'O', 'O', 'O', 'O', 'O', 'O', 'O', 'O', 'O', 'O', 'O', 'O', 'O', 'O', 'B-NAME_STUDENT', 'O', 'O', 'O', 'O', 'O', 'O', 'O', 'O', 'O', 'O', 'O', 'O', 'O', 'O', 'O', 'O', 'O', 'O', 'O', 'O', 'O', 'O', 'O', 'O', 'O', 'O', 'O', 'O', 'O', 'O', 'O', 'O', 'O', 'O', 'O', 'O', 'B-NAME_STUDENT', 'O', 'O', 'O', 'O', 'O', 'O', 'O', 'O', 'O', 'O', 'O', 'O', 'O', 'O', 'O', 'O', 'O', 'O', 'O', 'O', 'O', 'O', 'O', 'O', 'O', 'O', 'O', 'O', 'O', 'B-NAME_STUDENT', 'O', 'O', 'O', 'O', 'O', 'O', 'O', 'O', 'O', 'O', 'O', 'O', 'O', 'O', 'O', 'O', 'O', 'O', 'O', 'O', 'O', 'O', 'O', 'O', 'O', 'O', 'B-NAME_STUDENT', 'I-NAME_STUDENT', 'O', 'B-PHONE_NUM', 'I-PHONE_NUM', 'I-PHONE_NUM', 'I-PHONE_NUM', 'O', 'O', 'O', 'O', 'B-EMAIL']","
    Baha Hoffman is a lawyer. Write about a job-related project he/her did in the past including some of the following information: phone number is +27 68 670 7513, email is bahahoffman@yahoo.net
    ",2,Baha Hoffman,123456789,+27 68 670 7513,lawyer,45 Baldridge Road,,,Related,293,null
88db5573-f453-4dff-a6b1-362eb469bf2f,"From the moment I was born, on a beautiful summer's day in the vibrant city of SÃ£o Paulo, Brazil, I was destined to embark on an extraordinary journey. My name is Natalia Gross, and my life has been a tapestry of diverse experiences, woven with threads of resilience, passion, and unwavering determination. I spent my formative years exploring the bustling streets of my hometown, absorbing its rich culture and vibrant energy. With an unyielding thirst for knowledge, I pursued my education, delving into the intricacies of science and the beauty of the arts. As I blossomed into a young woman, I discovered a profound love for connecting with people from all walks of life. This passion led me to pursue a career in social work, where I found immense joy in empowering individuals and communities to overcome challenges and achieve their full potential. My work took me to remote villages and bustling cities, where I witnessed firsthand the resilience of the human spirit. Throughout my journey, I have always been driven by a deep-seated belief in the power of collaboration and collective action. I firmly believe that by joining hands, we can create a better world for ourselves and generations to come. This conviction has led me to actively participate in various social and environmental initiatives, working alongside dedicated individuals and organizations to address pressing issues and drive positive change. In my spare time, I find solace in the tranquility of nature. Whether I'm hiking through lush forests or gazing at the vast expanse of the ocean, I feel a profound connection to the natural world. These moments of solitude allow me to recharge and reflect on the beauty and interconnectedness of all living things. If you wish to connect with me, I can be reached at nataliagross@aol.org or (98) 96894-7830. I reside at 6420 Via Baron, where I am always open to engaging in meaningful conversations and exploring new opportunities for collaboration. As I continue to navigate the ever-changing landscape of life, I remain committed to making a positive impact on the world. With unwavering optimism and a relentless spirit, I embrace the challenges and opportunities that lie ahead, knowing that together, we can create a brighter future for all.","['From', 'the', 'moment', 'I', 'was', 'born,', 'on', 'a', 'beautiful', ""summer's"", 'day', 'in', 'the', 'vibrant', 'city', 'of', 'SÃ£o', 'Paulo,', 'Brazil,', 'I', 'was', 'destined', 'to', 'embark', 'on', 'an', 'extraordinary', 'journey.', 'My', 'name', 'is', 'Natalia', 'Gross,', 'and', 'my', 'life', 'has', 'been', 'a', 'tapestry', 'of', 'diverse', 'experiences,', 'woven', 'with', 'threads', 'of', 'resilience,', 'passion,', 'and', 'unwavering', 'determination.', 'I', 'spent', 'my', 'formative', 'years', 'exploring', 'the', 'bustling', 'streets', 'of', 'my', 'hometown,', 'absorbing', 'its', 'rich', 'culture', 'and', 'vibrant', 'energy.', 'With', 'an', 'unyielding', 'thirst', 'for', 'knowledge,', 'I', 'pursued', 'my', 'education,', 'delving', 'into', 'the', 'intricacies', 'of', 'science', 'and', 'the', 'beauty', 'of', 'the', 'arts.', 'As', 'I', 'blossomed', 'into', 'a', 'young', 'woman,', 'I', 'discovered', 'a', 'profound', 'love', 'for', 'connecting', 'with', 'people', 'from', 'all', 'walks', 'of', 'life.', 'This', 'passion', 'led', 'me', 'to', 'pursue', 'a', 'career', 'in', 'social', 'work,', 'where', 'I', 'found', 'immense', 'joy', 'in', 'empowering', 'individuals', 'and', 'communities', 'to', 'overcome', 'challenges', 'and', 'achieve', 'their', 'full', 'potential.', 'My', 'work', 'took', 'me', 'to', 'remote', 'villages', 'and', 'bustling', 'cities,', 'where', 'I', 'witnessed', 'firsthand', 'the', 'resilience', 'of', 'the', 'human', 'spirit.', 'Throughout', 'my', 'journey,', 'I', 'have', 'always', 'been', 'driven', 'by', 'a', 'deep-seated', 'belief', 'in', 'the', 'power', 'of', 'collaboration', 'and', 'collective', 'action.', 'I', 'firmly', 'believe', 'that', 'by', 'joining', 'hands,', 'we', 'can', 'create', 'a', 'better', 'world', 'for', 'ourselves', 'and', 'generations', 'to', 'come.', 'This', 'conviction', 'has', 'led', 'me', 'to', 'actively', 'participate', 'in', 'various', 'social', 'and', 'environmental', 'initiatives,', 'working', 'alongside', 'dedicated', 'individuals', 'and', 'organizations', 'to', 'address', 'pressing', 'issues', 'and', 'drive', 'positive', 'change.', 'In', 'my', 'spare', 'time,', 'I', 'find', 'solace', 'in', 'the', 'tranquility', 'of', 'nature.', 'Whether', ""I'm"", 'hiking', 'through', 'lush', 'forests', 'or', 'gazing', 'at', 'the', 'vast', 'expanse', 'of', 'the', 'ocean,', 'I', 'feel', 'a', 'profound', 'connection', 'to', 'the', 'natural', 'world.', 'These', 'moments', 'of', 'solitude', 'allow', 'me', 'to', 'recharge', 'and', 'reflect', 'on', 'the', 'beauty', 'and', 'interconnectedness', 'of', 'all', 'living', 'things.', 'If', 'you', 'wish', 'to', 'connect', 'with', 'me,', 'I', 'can', 'be', 'reached', 'at', 'nataliagross@aol.org', 'or', '(98)', '96894-7830.', 'I', 'reside', 'at', '6420', 'Via', 'Baron,', 'where', 'I', 'am', 'always', 'open', 'to', 'engaging', 'in', 'meaningful', 'conversations', 'and', 'exploring', 'new', 'opportunities', 'for', 'collaboration.', 'As', 'I', 'continue', 'to', 'navigate', 'the', 'ever-changing', 'landscape', 'of', 'life,', 'I', 'remain', 'committed', 'to', 'making', 'a', 'positive', 'impact', 'on', 'the', 'world.', 'With', 'unwavering', 'optimism', 'and', 'a', 'relentless', 'spirit,', 'I', 'embrace', 'the', 'challenges', 'and', 'opportunities', 'that', 'lie', 'ahead,', 'knowing', 'that', 'together,', 'we', 'can', 'create', 'a', 'brighter', 'future', 'for', 'all.']","[True, True, True, True, True, True, True, True, True, True, True, True, True, True, True, True, True, True, True, True, True, True, True, True, True, True, True, True, True, True, True, True, True, True, True, True, True, True, True, True, True, True, True, True, True, True, True, True, True, True, True, True, True, True, True, True, True, True, True, True, True, True, True, True, True, True, True, True, True, True, True, True, True, True, True, True, True, True, True, True, True, True, True, True, True, True, True, True, True, True, True, True, True, True, True, True, True, True, True, True, True, True, True, True, True, True, True, True, True, True, True, True, True, True, True, True, True, True, True, True, True, True, True, True, True, True, True, True, True, True, True, True, True, True, True, True, True, True, True, True, True, True, True, True, True, True, True, True, True, True, True, True, True, True, True, True, True, True, True, True, True, True, True, True, True, True, True, True, True, True, True, True, True, True, True, True, True, True, True, True, True, True, True, True, True, True, True, True, True, True, True, True, True, True, True, True, True, True, True, True, True, True, True, True, True, True, True, True, True, True, True, True, True, True, True, True, True, True, True, True, True, True, True, True, True, True, True, True, True, True, True, True, True, True, True, True, True, True, True, True, True, True, True, True, True, True, True, True, True, True, True, True, True, True, True, True, True, True, True, True, True, True, True, True, True, True, True, True, True, True, True, True, True, True, True, True, True, True, True, True, True, True, True, True, True, True, True, True, True, True, True, True, True, True, True, True, True, True, True, True, True, True, True, True, True, True, True, True, True, True, True, True, True, True, True, True, True, True, True, True, True, True, True, True, True, True, True, True, True, True, True, True, True, True, True, True, True, True, True, True, True, True, True, True, True, True, True, True, True, True, True, True, True, True, True, True, True, True, True, True, True, True, True, True, True, True, True, True, True, True, False]","['O', 'O', 'O', 'O', 'O', 'O', 'O', 'O', 'O', 'O', 'O', 'O', 'O', 'O', 'O', 'O', 'O', 'O', 'O', 'O', 'O', 'O', 'O', 'O', 'O', 'O', 'O', 'O', 'O', 'O', 'O', 'B-NAME_STUDENT', 'I-NAME_STUDENT', 'O', 'O', 'O', 'O', 'O', 'O', 'O', 'O', 'O', 'O', 'O', 'O', 'O', 'O', 'O', 'O', 'O', 'O', 'O', 'O', 'O', 'O', 'O', 'O', 'O', 'O', 'O', 'O', 'O', 'O', 'O', 'O', 'O', 'O', 'O', 'O', 'O', 'O', 'O', 'O', 'O', 'O', 'O', 'O', 'O', 'O', 'O', 'O', 'O', 'O', 'O', 'O', 'O', 'O', 'O', 'O', 'O', 'O', 'O', 'O', 'O', 'O', 'O', 'O', 'O', 'O', 'O', 'O', 'O', 'O', 'O', 'O', 'O', 'O', 'O', 'O', 'O', 'O', 'O', 'O', 'O', 'O', 'O', 'O', 'O', 'O', 'O', 'O', 'O', 'O', 'O', 'O', 'O', 'O', 'O', 'O', 'O', 'O', 'O', 'O', 'O', 'O', 'O', 'O', 'O', 'O', 'O', 'O', 'O', 'O', 'O', 'O', 'O', 'O', 'O', 'O', 'O', 'O', 'O', 'O', 'O', 'O', 'O', 'O', 'O', 'O', 'O', 'O', 'O', 'O', 'O', 'O', 'O', 'O', 'O', 'O', 'O', 'O', 'O', 'O', 'O', 'O', 'O', 'O', 'O', 'O', 'O', 'O', 'O', 'O', 'O', 'O', 'O', 'O', 'O', 'O', 'O', 'O', 'O', 'O', 'O', 'O', 'O', 'O', 'O', 'O', 'O', 'O', 'O', 'O', 'O', 'O', 'O', 'O', 'O', 'O', 'O', 'O', 'O', 'O', 'O', 'O', 'O', 'O', 'O', 'O', 'O', 'O', 'O', 'O', 'O', 'O', 'O', 'O', 'O', 'O', 'O', 'O', 'O', 'O', 'O', 'O', 'O', 'O', 'O', 'O', 'O', 'O', 'O', 'O', 'O', 'O', 'O', 'O', 'O', 'O', 'O', 'O', 'O', 'O', 'O', 'O', 'O', 'O', 'O', 'O', 'O', 'O', 'O', 'O', 'O', 'O', 'O', 'O', 'O', 'O', 'O', 'O', 'O', 'O', 'O', 'O', 'O', 'O', 'O', 'O', 'O', 'O', 'O', 'O', 'O', 'O', 'O', 'O', 'O', 'O', 'O', 'O', 'O', 'O', 'O', 'O', 'O', 'O', 'B-EMAIL', 'O', 'B-PHONE_NUM', 'I-PHONE_NUM', 'O', 'O', 'O', 'B-STREET_ADDRESS', 'I-STREET_ADDRESS', 'I-STREET_ADDRESS', 'O', 'O', 'O', 'O', 'O', 'O', 'O', 'O', 'O', 'O', 'O', 'O', 'O', 'O', 'O', 'O', 'O', 'O', 'O', 'O', 'O', 'O', 'O', 'O', 'O', 'O', 'O', 'O', 'O', 'O', 'O', 'O', 'O', 'O', 'O', 'O', 'O', 'O', 'O', 'O', 'O', 'O', 'O', 'O', 'O', 'O', 'O', 'O', 'O', 'O', 'O', 'O', 'O', 'O', 'O', 'O', 'O', 'O', 'O', 'O', 'O', 'O', 'O', 'O']","
    Write a fictional semi-formal biography in first person for Natalia Gross. Add the following information about him/her randomly inside the text: name is Natalia Gross, phone number is (98) 96894-7830, email is nataliagross@aol.org, address is 6420 Via Baron.
    ",0,Natalia Gross,nataliagross@aol.org,(98) 96894-7830,waitress,6420 Via Baron,,,Related,371,0
